HeaderLength,Duration,Rate,Srate,syn_flag_number,psh_flag_number,ack_flag_number,syn_count,fin_count,rst_count,HTTPS,TCP,Tot sum,Min,Max,AVG,Std,Tot size,IAT,Number,Magnitude,Radius,Covariance,Variance,Weight
95.67588932806323,23.77791690826416,10.6401246575165,0.04205582868583597,0,56,225,54,54,0,0,1,24206,42,270,95.67588932806323,76.11502946212035,253,100000099,252,97.08892736284228,6371.041198200709,-166.67581998474452,0.42579241980599064,15755
