Header-Length,Duration,Rate,Srate,syn_flag_number,psh_flag_number,ack_flag_number,syn_count,fin_count,rst_count,HTTPS,TCP,Tot sum,Min,Max,AVG,Std,Tot size,IAT,Number,Magnitude,Radius,Covariance,Variance,Weight
804.2755298651252,53.18429493904114,58.55111934019638,0.01880254314071817,0,142,494,137,72,1,1,1,2504514,46,1888,804.2755298651252,587.6836581918936,3114,100000076,3113,747.4427448340646,196147.9953337747,5014.7808531575565,1.5667579099797202,1961849
