Header-Length,Duration,Rate,Srate,syn_flag_number,psh_flag_number,ack_flag_number,syn_count,fin_count,rst_count,HTTPS,TCP,Tot sum,Min,Max,AVG,Std,Tot size,IAT,Number,Magnitude,Radius,Covariance,Variance,Weight
93.93877551020408,59.10547184944153,3.316105833640375,0.016918907314491707,0,42,176,40,42,0,0,1,18412,54,270,93.93877551020408,74.44892468118826,196,100000013,195,94.62709517863655,6004.681594800347,-361.8916354556803,0.4677782625731636,9540
